recency,freq,monetary
48,1,77183.6
371,182,4310.0
298,31,1797.24
355,73,1757.55
63,17,334.4
337,85,2506.04
169,4,89.0
141,58,1079.4
159,13,459.4
351,59,2811.43
340,131,6207.67
372,19,1168.06
316,248,6372.58
321,129,2662.06
86,10,189.9
370,266,5226.23
264,23,552.0
366,85,1313.1
82,22,641.38
369,11,168.9
322,167,3545.69
329,63,1887.96
302,52,1298.04
62,14,364.6
348,33,742.9300000000001
363,17,457.5
58,77,1628.12
244,219,4008.62
292,40,852.24
352,104,2724.81
369,87,1845.31
189,99,1850.56
345,27,585.27
36,10,401.9
358,100,2780.66
294,32,549.84
352,100,460.89
301,64,1582.6000000000001
310,27,1272.48
354,156,3018.63
338,126,2409.9
328,85,1635.6599999999999
254,59,1108.65
70,5,84.3
50,11,225.6
324,5,427.7
225,54,1710.39
351,105,3415.3
324,77,1708.1200000000001
341,105,2888.55
295,109,11072.67
65,26,693.3299999999999
299,61,1226.88
307,38,758.1
156,18,562.41
349,716,124914.53
370,192,3649.1
261,34,668.58
310,29,600.39
358,45,807.04
278,39,803.5600000000001
373,125,1859.31
211,30,1760.96
295,36,777.2
179,30,582.73
352,31,825.8
348,294,7956.46
364,97,3750.4
330,11,256.4
338,236,6487.45
331,108,5059.32
373,420,13375.87
289,50,806.14
294,36,7829.89
274,16,509.01
372,200,4951.41
359,98,2906.85
7,11,173.55
370,12,172.06
352,177,5005.46
351,4,133.4
316,58,1002.3100000000001
130,26,476.49
329,22,449.45
351,191,4067.29
217,8,197.88
363,354,9035.52
357,22,430.57
239,43,707.09
317,15,3528.34
300,90,2466.86
329,125,3181.04
307,63,2363.23
302,38,947.4
279,35,826.88
355,62,1189.59
320,83,1344.78
363,29,1212.05
356,47,742.1899999999999
186,38,729.5400000000001
371,460,19824.05
341,339,6572.11
344,168,3938.5499999999997
356,424,7375.79
320,36,723.38
358,233,6816.42
351,300,13219.74
370,36,680.99
362,31,527.2
345,154,3281.63
351,217,5596.32
356,75,2484.98
341,346,4541.72
364,55,1298.66
37,15,334.93
368,245,5417.93
335,26,460.40000000000003
310,20,263.21000000000004
208,22,433.74
358,77,1246.1000000000001
292,14,1043.1
352,23,403.70000000000005
350,61,4257.82
37,149,2169.39
278,147,3723.87
355,9,482.04999999999995
141,23,73.5
239,22,1304.81
347,69,398.27
89,7,176.5
231,33,982.5699999999999
307,34,138.03
261,35,612.29
106,51,1017.68
20,16,383.7
296,26,1312.06
345,284,2502.84
373,124,2056.89
310,18,340.84
294,152,2634.26
231,38,599.68
334,12,192.72
354,106,1789.77
364,144,4485.72
373,71,1316.66
292,18,348.71000000000004
364,92,1933.48
314,66,1662.28
359,17,125.22
343,16,349.83000000000004
243,63,1089.18
282,34,716.35
330,261,12601.830000000002
344,21,363.95
351,273,5568.35
354,478,13400.24
344,52,981.18
337,19,372.7
298,50,1000.39
327,69,1161.5
176,8,207.79999999999998
207,5,95.19999999999999
294,57,964.83
16,10,168.0
335,20,437.82
365,191,3692.28
323,121,603.71
357,33,11990.960000000001
366,11,269.96
63,21,561.71
368,105,2134.01
71,16,238.85
365,168,3781.7400000000002
112,21,456.9
85,9,145.92
287,19,351.65
351,446,9401.28
371,188,4124.69
334,34,519.61
365,60,1020.42
146,28,160.54000000000002
58,11,218.45
338,88,1315.83
338,147,657.8
352,114,2794.51
295,29,440.42
127,24,415.7
334,15,197.71
135,22,511.36
371,247,7281.38
370,96,2338.15
139,87,2040.1
356,11,196.94000000000003
366,4,144.0
334,10,214.89999999999998
345,35,646.68
162,68,9864.26
56,26,452.84999999999997
281,18,437.6
265,21,418.09999999999997
336,118,3338.2200000000003
322,27,618.27
354,206,3811.22
364,132,3023.08
344,62,1032.58
345,64,2599.04
184,28,577.0600000000001
315,12,153.12
352,3,739.1999999999999
294,16,254.18
313,101,1579.51
295,60,1126.85
351,106,2099.54
321,65,1193.32
299,19,704.0400000000001
316,153,3344.38
96,20,315.6
371,105,2291.19
278,32,713.3
344,42,355.53
352,11,177.31
357,90,3641.24
359,92,1339.41
372,467,13689.67
141,11,180.1
97,18,305.1
267,38,641.13
162,86,2683.82
350,294,6620.48
363,230,4478.53
369,41,786.46
364,64,1270.88
316,31,640.5
315,101,2163.98
284,101,1689.18
306,390,6021.9
340,39,671.69
135,22,486.1
350,53,1174.58
258,10,185.9
348,47,1013.26
245,24,3344.64
244,31,477.91
340,73,1775.18
369,45,1346.97
351,122,3722.82
219,21,318.05
266,31,623.51
370,20,314.44
39,9,114.0
42,48,919.98
225,43,2209.85
363,38,601.98
356,126,4051.17
362,47,1643.18
355,36,686.05
344,5,91.68
362,13,245.1
373,230,3849.78
365,37,4881.88
49,3,63.0
315,33,620.13
362,161,3807.15
223,101,2744.0299999999997
363,92,2996.05
44,10,225.89999999999998
368,42,610.52
335,83,1970.6
349,45,1331.39
331,165,17628.46
315,48,1113.02
373,52,862.81
359,638,13787.54
370,525,12288.22
369,344,8476.57
366,105,2283.63
345,157,2863.08
2,7,89.14
260,171,4873.8099999999995
348,72,1247.61
168,16,389.01
345,32,1035.8
246,39,855.91
303,37,869.67
366,27,582.1
345,41,957.59
366,268,4939.99
294,53,797.71
354,12,219.0
302,21,283.55
366,88,2340.84
358,334,6868.29
82,33,603.42
344,157,2712.91
358,208,9736.52
277,77,1149.02
345,133,4396.13
373,38,848.55
364,259,4708.86
267,21,353.86
370,69,1053.49
222,55,1030.98
302,19,238.25
368,39,644.95
371,354,5781.73
342,161,2656.13
288,53,997.63
370,69,725.07
368,53,1031.41
2,24,427.8
345,124,2609.1
363,139,3980.7
302,46,836.33
260,26,453.01
350,274,18895.91
194,12,236.26000000000002
139,22,383.95
21,4,110.39999999999999
58,43,779.5699999999999
41,4,234.0
1,11,155.35
295,38,1013.04
310,27,427.6
239,134,546.43
322,222,21279.29
371,103,4196.01
373,4596,33719.73
370,199,4090.88
245,15,275.88
292,53,4366.78
351,197,21429.39
138,63,3010.74
93,4,3811.95
287,4,112.07999999999998
358,371,7857.1
257,97,2791.59
321,95,1531.44
366,69,1898.52
235,18,494.08
57,45,1693.88
370,310,6989.63
135,32,1143.6
163,12,1351.45
314,55,892.47
356,66,1386.04
354,50,822.23
336,149,3981.36
310,25,826.74
369,103,2330.92
371,84,2225.91
364,59,574.42
9,14,311.95
364,20,463.66
308,4,91.85
181,21,324.92
0,2,192.60000000000002
117,25,400.53999999999996
39,24,545.48
320,45,860.41
355,14,430.48
8,13,254.03
363,8,6977.04
187,25,427.58
337,28,483.65000000000003
196,25,489.31
113,31,514.85
329,15,229.64000000000001
272,2,125.92
226,47,1063.46
278,29,572.2
92,4,166.04
112,14,1542.08
370,59,942.34
159,6,92.72
303,46,948.88
299,5,1759.5
314,25,397.12
371,91,1474.72
368,25,430.15000000000003
371,56,1018.71
37,11,293.0
336,38,6814.64
111,9,215.05
341,27,383.03
228,24,417.38
91,18,312.38
314,175,2612.86
200,12,134.1
340,123,683.13
371,314,5591.42
230,113,2726.77
369,420,4022.35
303,34,1118.99
308,103,1702.26
344,52,325.96000000000004
106,27,354.09
351,91,871.54
342,51,1050.8899999999999
277,50,135.18
79,17,311.55
239,78,1957.1000000000001
295,110,1324.5
1,3,38.1
366,314,2179.93
163,46,1106.4
321,5,521.2
235,3,147.12
347,95,1568.23
90,26,559.12
347,538,4036.82
188,107,1607.0600000000002
289,11,380.64
47,66,599.97
91,4,374.0
230,2,343.2300000000001
316,85,2218.02
370,154,1535.77
137,47,854.99
329,10,573.22
98,7,298.0
364,13,1463.04
349,42,703.47
285,7,309.05
310,71,1175.22
306,82,1378.4
159,5,354.12
349,82,380.46999999999997
188,3,331.0
343,34,188.14
331,22,372.8
169,4,216.5
365,116,17654.54
109,10,138.68
355,72,509.58
362,63,2919.81
197,2,750.0
334,91,2178.67
350,75,3075.04
371,24,1662.3
369,50,2483.63
225,22,363.65
235,107,3006.15
245,2,594.0
365,50,1335.19
356,28,164.23
364,720,16587.09
212,28,405.38
309,29,176.97
285,30,933.7
369,45,694.05
338,84,2062.7000000000003
62,8,117.85
295,25,415.8
352,82,42055.96
349,106,607.53
371,129,2160.7
356,62,1063.9
358,120,1504.27
348,9,114.14
309,47,11581.8
319,99,913.54
242,75,683.9
338,30,604.51
85,23,462.95
230,97,1603.99
357,116,2064.95
343,215,4167.22
371,23,1843.0
365,63,1064.07
368,79,1387.79
364,17,329.85
372,180,4757.16
67,19,108.07
364,238,4017.54
366,16,266.39
365,95,1856.63
284,109,771.91
364,10,160.18
15,19,1660.9
261,5,135.95
366,151,452.24
370,305,11189.91
176,8,144.8
162,22,738.6
217,9,39.239999999999995
216,20,7374.900000000001
344,20,372.21999999999997
131,28,390.54
355,4,97.5
373,76,1239.38
300,28,558.7
81,92,535.32
370,64,6924.110000000001
342,13,409.5
350,31,503.76
350,27,414.76
369,61,974.4200000000001
288,3,211.32
351,59,1226.89
177,28,455.88
267,31,534.85
369,339,9818.82
55,7,120.94999999999999
268,6,149.05
362,404,5655.91
200,26,513.7
317,4,81.57
50,14,229.46999999999997
1,3,50.550000000000004
364,89,1661.8400000000001
372,219,4810.9400000000005
363,110,3466.2799999999997
320,176,3346.28
300,47,789.89
366,1,204.0
357,458,7277.7
369,131,2616.38
309,40,689.9
372,40,975.36
260,26,6912.0
351,45,661.3199999999999
343,10,1247.5
362,99,799.48
321,71,1010.18
16,11,190.55
319,37,642.77
300,27,921.88
235,48,881.07
293,28,908.46
365,43,676.99
100,13,516.42
82,33,560.47
274,18,305.28000000000003
343,35,629.31
342,172,3237.54
359,136,1835.91
309,14,656.6800000000001
359,403,5836.86
161,18,348.15000000000003
295,76,1214.41
349,8,271.40000000000003
124,8,183.4
120,15,307.53
301,10,248.61
182,11,346.98
361,69,1119.49
0,14,205.86
349,48,470.8
291,15,115.46000000000001
363,2,344.0
373,425,4436.12
181,9,228.8
107,7,177.15
244,22,919.61
372,112,729.27
370,358,12627.94
369,6,220.10000000000002
194,6,58.08
362,1028,28337.38
247,73,3613.63
369,18,303.75
216,22,416.08000000000004
371,1818,58825.83
365,155,8910.82
345,21,345.82
303,25,477.83
98,159,7832.47
352,24,1927.3200000000002
303,6,74.39999999999999
341,423,6010.42
372,572,28882.44
274,1,207.35999999999999
139,8,101.19
372,304,6424.09
334,8,243.94
370,20,1098.48
240,1,76.5
329,58,1531.6200000000001
1,10,350.06
314,47,786.54
342,145,1488.67
373,201,12245.960000000001
362,120,2294.78
235,30,501.14
352,76,984.91
354,79,1197.81
135,1,30.599999999999998
104,50,283.73
279,55,922.39
284,235,3866.33
369,140,2099.64
296,15,259.17
279,2,64.0
350,44,1073.3
112,3,77.3
100,7,109.8
288,98,1793.58
177,1,3096.0
317,127,2607.61
363,704,3650.41
351,63,962.39
357,170,5064.94
265,46,423.72
289,135,2388.75
354,23,307.09
41,3,110.95
334,6,618.52
347,17,228.91
363,4,712.8000000000001
344,319,3707.12
359,86,1676.06
78,74,1257.8700000000001
368,15,486.22
340,85,971.76
324,87,1741.22
279,79,1201.06
365,121,1437.85
351,4,91.8
60,8,112.75
251,79,1688.29
327,42,1021.48
90,41,417.2
355,65,791.33
337,131,1319.19
310,13,712.88
347,32,116.00999999999999
352,46,468.41
369,43,353.65
357,314,2817.03
327,72,492.84
309,17,282.45
347,265,5725.47
328,11,121.18
366,94,3957.78
359,181,1701.29
106,1,71.4
334,79,1575.89
36,37,236.02
362,2,114.60000000000001
355,29,260.68
278,63,911.94
312,29,117.88
238,3,60.7
362,110,1797.78
363,226,3401.2400000000002
370,119,9817.12
354,46,870.09
364,57,869.46
358,8,250.26000000000002
315,149,1223.9
343,321,5891.61
280,22,353.48
363,56,1197.42
354,142,788.08
317,90,1520.58
106,5,333.74
251,4,533.98
246,5,62.63999999999999
295,21,819.2900000000001
133,66,847.41
173,5,163.20000000000002
313,108,2155.95
370,32,6463.84
100,16,108.21000000000001
172,9,257.7
292,2,358.0
148,10,160.95
369,611,2806.97
361,207,1357.6
299,43,605.12
161,58,1031.07
349,36,744.85
356,31,700.73
112,22,329.56
277,67,663.65
261,13,270.40000000000003
170,58,600.07
281,27,121.74000000000001
323,16,430.5
355,141,1987.3
356,25,501.12
249,26,465.68
281,23,711.41
217,36,1030.4
364,13,399.51
359,1,0.0
362,38,698.58
312,87,292.32
312,8,557.62
105,9,944.1
110,11,200.29
372,1677,7454.07
320,91,2107.66
362,187,3834.2599999999998
371,211,4521.49
356,440,3214.69
372,316,5346.2300000000005
7,1,590.0
336,96,217.38
342,15,276.56
260,16,138.98
310,30,590.9300000000001
358,8,258.4
333,46,542.73
295,9,137.75
251,85,814.86
355,37,1132.14
314,7,93.66
43,13,201.19
350,187,2709.12
218,42,361.11
335,31,578.9399999999999
184,54,873.74
14,10,201.20000000000002
236,5,87.4
366,59,2089.85
372,2,360.0
105,5,142.5
204,20,371.89
270,81,618.09
218,1,63.75
22,21,300.42
369,81,2000.86
253,1,15.0
351,54,1385.51
366,107,1456.79
345,72,1132.03
369,26,598.57
351,78,1555.32
372,62,775.94
336,87,5977.7300000000005
307,124,2273.68
372,20,640.76
368,476,10845.550000000001
295,106,1548.7
301,11,567.36
356,25,199.48000000000002
370,21,787.85
337,75,7121.95
292,12,675.3
335,108,3627.77
57,17,1308.48
342,17,789.0
281,53,1140.93
359,21,350.9
291,268,3536.82
296,51,795.12
216,19,487.02
173,54,860.12
328,134,10736.48
113,42,775.85
196,19,353.43
306,119,2543.72
86,20,389.5
303,8,341.36
309,14,233.76
363,16,247.32
357,40,979.12
307,16,373.94
313,24,397.97999999999996
302,51,743.53
251,32,674.7
293,42,768.24
116,90,609.95
105,29,439.03
310,23,439.56
364,166,3090.7400000000002
356,60,992.5
302,10,134.95999999999998
340,128,2225.37
323,1,56.160000000000004
117,29,623.4
8,14,308.28000000000003
2,39,754.87
284,23,378.64
313,158,3312.25
285,37,778.65
274,53,1019.76
347,97,572.56
342,172,3639.31
93,15,222.99
343,152,4151.93
44,35,534.57
242,35,677.1
362,51,797.96
299,13,544.08
170,1,59.8
372,155,2520.02
188,21,307.72
344,43,1360.99
301,38,1544.13
181,26,457.34
246,39,621.23
356,3,75.0
372,11,252.49
299,27,572.451
372,478,28117.04
349,28,1003.06
266,18,213.55
240,24,1390.5
330,19,712.5
369,28,640.83
362,304,6127.43
310,16,221.06
224,8,159.85
333,104,1851.08
309,127,2626.3
265,78,1624.21
373,157,3641.32
354,29,582.6
363,74,218.47
363,67,1006.8
355,49,679.45
306,46,1269.1
299,10,534.24
368,101,3809.8900000000003
372,12,196.89
359,167,3408.06
118,54,283.71
282,13,296.64
350,59,1129.14
357,195,3539.37
350,19,291.88
347,71,2043.7199999999998
347,443,2976.15
114,2,590.0
208,17,356.97999999999996
349,46,1058.34
356,63,1766.72
366,382,9646.57
344,17,183.44
335,27,1445.0
121,9,151.5
315,41,674.68
189,17,307.9
363,99,1083.71
372,302,5704.97
274,10,165.0
372,260,2531.58
313,21,422.64
137,64,229.59
182,86,1431.78
195,58,1238.47
336,79,1454.58
173,15,300.95
328,109,1804.56
141,11,184.64
308,10,140.34
132,8,313.8
140,23,454.24
295,69,1122.41
316,34,575.4
356,422,8968.31
268,14,449.52
322,86,1215.82
237,50,1269.84
98,8,618.63
62,18,316.26000000000005
366,48,2044.8700000000001
363,35,653.33
91,19,348.05
356,42,1159.11
350,65,1166.77
85,52,1340.32
357,18,292.0
302,17,216.85
309,22,295.93
301,215,4393.63
57,26,458.52
370,162,2479.16
130,12,110.97
365,44,979.72
372,115,1791.56
113,15,251.21
247,10,205.1
300,4,152.20000000000002
301,59,891.12
352,44,1389.41
314,141,2128.42
288,38,659.4399999999999
295,8,122.75
315,93,3624.35
372,436,1093.65
343,5,125.80000000000001
340,172,3964.88
333,27,680.1800000000001
359,6,628.78
340,223,2287.51
295,15,307.76
168,22,483.8
340,66,210.31
191,76,270.79
371,296,5870.08
372,179,3448.29
330,25,1280.85
288,37,631.34
334,87,291.41
361,98,626.99
277,124,682.41
348,51,918.2
54,4,91.80000000000001
307,109,3740.07
300,136,4149.28
345,34,584.06
368,175,605.06
366,33,174.37
158,14,141.85999999999999
292,82,1799.33
289,49,777.53
229,83,1749.02
354,38,240.22
333,176,874.71
200,44,192.85
356,85,373.75
130,27,239.49
361,341,2092.32
168,33,1384.25
323,26,294.4
350,46,732.0699999999999
363,126,6717.34
348,83,1687.6000000000001
359,23,467.04
64,10,118.0
218,53,781.03
67,24,142.4
310,8,712.4
358,174,2478.95
359,21,379.65
362,87,1981.92
309,58,1117.13
338,16,247.95999999999998
265,128,2037.0800000000002
321,26,396.97
368,166,697.04
326,40,180.17000000000002
372,247,5153.67
61,19,219.52
328,99,693.32
309,23,428.89
347,27,164.34
344,43,280.53999999999996
333,98,678.01
361,226,1131.88
284,74,1171.8
349,201,1610.46
55,23,417.69
333,44,544.18
200,13,177.34
257,19,213.85
343,81,747.78
121,19,257.23
314,92,1638.47
350,59,7792.36
368,71,2031.78
274,11,3070.42
349,146,2121.27
340,188,1575.16
306,62,1071.03
337,63,949.12
321,101,810.5
358,8,122.64
299,40,1033.34
158,66,354.8
342,28,519.44
357,146,2624.26
253,5,252.1
364,79,1678.1200000000001
117,23,346.6
357,96,1836.34
338,6,94.2
328,63,1095.08
330,166,2707.33
259,56,932.97
209,49,379.65
363,16,382.14
364,108,2639.17
168,104,1573.2
288,53,897.76
194,13,189.47
313,12,84.65
224,87,305.02
371,470,6363.59
323,9,218.55
298,25,349.7
72,6,186.39000000000001
355,65,396.92
222,25,486.82000000000005
222,16,232.6
372,195,3722.42
356,57,827.83
186,3,59.5
88,30,67.23
371,39,3119.44
191,8,72.0
310,6,910.0
314,9,172.25
349,53,1488.32
370,568,65039.62
342,90,2504.13
335,12,151.29999999999998
218,14,308.58000000000004
347,197,2265.12
55,1,99.5
368,134,2308.06
366,28,711.86
71,20,330.79
106,48,806.41
102,51,296.88
370,336,6328.05
342,8,180.48
155,13,252.06
127,10,228.84
92,105,1079.34
104,21,138.28
341,102,1445.01
127,12,306.55
358,60,1041.68
257,43,799.9
337,28,524.14
242,85,2375.41
156,6,199.85000000000002
324,104,1980.56
335,42,1079.6599999999999
345,20,333.48
337,63,1016.14
238,43,752.6
154,38,610.59
345,33,491.86
349,196,2885.2400000000002
368,191,731.9
173,30,339.59999999999997
355,3,216.9
133,23,350.75
302,34,668.4300000000001
357,321,3131.02
371,41,1341.6
278,72,1156.36
211,25,300.04
0,1,79.6
278,28,948.25
320,24,1647.26
85,9,296.25
249,76,1186.28
86,35,741.26
222,12,282.59999999999997
370,342,2161.35
371,142,5189.52
362,117,3190.55
340,25,659.4100000000001
319,57,286.79
323,70,1070.65
155,7,306.72
310,15,1714.96
303,208,1521.76
371,368,17220.36
371,135,2796.51
309,119,2634.45
340,177,1132.13
292,22,345.0
373,197,25977.16
270,9,178.7
366,57,360.01
123,17,127.84
361,115,912.0
364,31,2462.79
6,7,230.39999999999998
298,31,309.04
369,45,348.8
246,11,1516.0
307,13,195.55
372,349,37153.85
257,39,688.86
64,33,558.32
307,23,324.8
235,60,4599.42
118,17,277.07
343,137,2635.79
321,13,924.6
310,10,256.38
6,7,112.6
368,76,1747.66
68,12,155.05
345,35,1499.01
190,13,814.5
331,36,539.0
334,69,1366.8600000000001
281,57,1579.12
351,176,4027.36
350,28,571.6700000000001
344,24,382.98
72,36,1140.35
229,59,385.64
368,96,632.0
355,40,957.66
341,46,1698.94
197,10,189.5
316,93,412.05
351,15,209.49
357,74,2202.99
354,3,52.199999999999996
214,29,384.8
348,55,834.57
162,19,271.24
368,174,691.73
121,1,85.0
315,206,3385.62
362,20,361.62
309,9,312.98
349,55,865.0600000000001
281,5,1255.0
322,101,1537.95
244,93,1595.48
278,81,2651.46
316,23,1090.14
365,110,8109.5199999999995
205,14,388.5
316,11,216.17
47,28,201.16
372,76,1245.9
355,139,2209.36
126,20,305.78
315,30,501.56
299,7,145.67000000000002
342,61,1015.29
366,33,3192.54
250,307,3104.95
371,115,2770.94
351,336,6403.25
254,23,389.6
15,18,540.45
320,104,1786.79
310,7,122.7
287,3,117.24
319,36,1281.53
352,165,3219.77
370,178,17159.52
371,65,1191.13
363,142,2674.48
366,59,787.6
184,28,506.8
302,16,243.56
169,19,349.55
254,40,605.63
281,15,416.90000000000003
372,110,1883.8100000000002
347,27,632.97
76,21,821.1
350,27,564.62
345,118,2593.07
323,17,311.16
48,12,155.93
357,19,388.52
190,43,740.95
301,149,2867.2
336,26,332.64
294,122,2369.55
316,148,2580.91
362,33,626.45
324,18,272.04
324,30,1212.8400000000001
314,28,384.81
22,7,172.25
320,20,351.13
372,117,1838.8500000000001
281,41,678.25
350,11,223.85000000000002
299,21,348.99
363,27,464.57
204,9,842.65
316,17,337.34
278,58,1237.53
79,16,307.4
264,23,608.7900000000001
110,31,922.1
194,26,376.58
204,9,158.85
338,7,71.66
350,45,568.55
356,49,839.14
352,45,5112.96
294,11,561.5699999999999
308,5,90.6
13,3,102.0
371,160,2427.32
362,35,745.06
197,39,674.45
156,137,3251.071
366,20,3515.68
372,25,439.92
219,33,322.96
368,152,1026.42
294,92,598.2
352,12,230.22
352,11,169.55
65,35,664.54
228,2,80.7
366,626,9053.94
355,149,2758.26
303,15,190.25
86,11,264.7
324,28,413.59000000000003
342,338,2526.28
167,10,357.98
359,15,196.79000000000002
300,54,869.87
313,11,200.14
334,111,1871.81
344,107,2603.43
347,16,920.51
369,351,7060.13
356,13,320.46
354,234,4147.96
308,41,1266.08
160,16,311.3
361,84,855.97
343,5,76.8
331,121,3466.36
370,155,2313.14
358,86,1393.69
363,208,3901.81
162,15,635.66
328,39,2043.0800000000002
239,47,529.73
330,171,4582.64
364,84,2874.72
258,30,962.19
175,42,695.61
96,11,328.8
263,34,473.02
296,39,505.18
321,20,917.34
212,161,4341.21
327,66,1421.61
357,39,642.8
218,22,631.9
148,28,440.0
366,31,584.07
252,16,327.7
313,6,104.82
310,15,467.66
355,243,2360.09
366,250,17286.86
371,143,2975.59
351,89,651.8199999999999
345,66,1428.02
89,38,626.65
197,28,147.20000000000002
295,92,1560.38
340,6,152.2
333,235,3614.92
107,21,141.41
347,209,652.82
264,6,1659.75
89,14,154.99
365,32,1308.6100000000001
68,85,409.93
357,488,5681.72
342,54,746.36
373,210,15610.390000000001
354,56,225.36
249,4,260.25
308,6,92.46
267,10,725.6400000000001
372,1106,8214.65
350,284,6217.96
107,8,183.6
369,202,6140.42
364,111,10464.85
344,80,1353.74
107,7,152.55
310,52,374.7
53,24,265.85
370,324,1438.82
341,13,151.04
369,43,942.26
244,46,122.47
333,42,499.41999999999996
272,65,1049.37
249,12,375.1
341,4,45.599999999999994
71,153,934.52
9,29,182.25
369,181,1018.43
371,450,4448.54
371,69,194.42
363,589,50491.81
317,14,161.0
49,1,76.32000000000001
366,214,4076.91
361,105,442.85
369,5111,65164.79
337,21,147.35
357,250,3104.17
236,26,194.9
300,35,5976.79
368,79,1360.28
219,21,216.20999999999998
134,74,1266.23
322,123,2703.23
343,34,597.91
301,9,144.2
370,156,5683.15
359,10,692.85
351,160,2915.15
370,34,1840.42
100,15,386.53
354,72,1382.74
230,3,90.0
370,159,2780.15
289,5,419.58000000000004
363,167,2740.43
366,15,706.1300000000001
251,44,709.71
313,46,637.5
372,52,1123.8600000000001
54,67,483.86
371,200,3586.0299999999997
244,28,605.64
372,134,4690.31
372,47,982.3800000000001
327,26,415.82
370,66,935.05
371,40,915.13
0,22,311.81
240,7,115.8
327,11,3742.2
365,210,4191.0
295,5,483.4
140,3,157.2
153,28,446.62
338,26,658.64
298,49,621.29
134,52,1345.62
107,6,118.75
364,1400,117379.63
354,48,432.88
333,41,507.66
354,1204,4693.01
158,108,1110.52
200,25,289.36
286,52,2445.91
303,29,1631.77
98,25,122.53999999999999
334,52,574.84
275,58,363.79
363,29,450.84
340,26,134.46
314,149,3222.3
76,31,576.9000000000001
287,42,559.41
365,327,1620.93
333,165,719.78
363,240,4748.52
307,24,452.89
42,3,197.65
343,65,2054.36
371,265,4654.08
372,259,4684.76
306,42,853.39
369,579,11349.52
172,7,1012.0
267,6,335.52
355,39,701.4
155,2,185.39999999999998
313,37,747.44
371,44,161.03
357,24,466.7
134,20,328.15999999999997
279,10,151.74
363,87,2073.43
268,102,1905.8400000000001
320,112,2241.1
284,9,1070.48
343,67,1004.38
362,108,1789.72
370,59,1839.3
372,100,2004.98
331,12,169.48000000000002
369,7,89.94
126,21,632.4
331,193,3432.8
196,41,683.17
281,60,991.13
263,118,1050.12
345,67,2232.19
347,175,3350.96
322,40,1547.2
190,50,925.71
331,115,2048.07
324,35,1462.72
351,159,775.46
298,79,3144.86
293,15,490.86
0,9,161.0
47,8,146.85
330,112,2380.85
343,42,890.34
190,10,213.70000000000002
139,16,280.55
365,141,2588.77
154,108,1693.45
263,75,1474.06
95,20,136.76999999999998
55,8,302.58
366,111,1904.05
372,78,2879.7000000000003
113,53,969.0600000000001
309,106,3099.7200000000003
364,111,12669.98
232,5,120.0
323,52,1163.45
365,143,2618.23
219,17,333.97
264,31,530.18
211,55,1516.24
42,29,492.65000000000003
148,10,112.32
300,33,437.96
322,29,559.97
275,64,1119.74
358,225,4216.2
177,8,134.04
370,156,3729.34
343,32,595.25
352,27,1910.01
350,280,4628.75
365,9,176.63
160,16,426.6
365,47,911.26
362,101,2314.65
372,237,3883.25
366,100,4871.93
370,61,1046.56
333,5,166.20000000000002
356,62,1305.33
365,1637,51527.3
365,143,3965.62
355,3,43.2
256,13,640.14
151,17,383.45
302,105,1858.96
322,33,2093.32
285,180,2995.72
365,117,2352.53
131,20,310.26
327,87,1611.59
267,8,120.0
329,101,2481.13
309,24,508.58000000000004
167,31,477.79
363,123,1530.75
259,36,605.0600000000001
131,8,183.85
210,12,311.65
356,259,5014.84
249,28,462.65999999999997
351,26,866.31
306,15,415.2
357,162,2552.21
357,63,468.26
357,90,1614.91
212,31,588.22
131,14,309.52
155,6,134.7
328,129,2182.28
352,21,668.5600000000001
246,71,889.9300000000001
335,6,108.97999999999999
253,60,1021.58
113,18,409.57
363,31,133.5
99,18,282.93
209,1,51.0
216,47,1078.96
158,6,90.6
368,9,163.62
8,11,174.4
294,33,701.23
330,41,225.77
354,55,912.18
342,118,2128.23
351,41,161.2
265,69,3717.35
365,524,9261.52
54,8,155.0
78,4,100.5
15,4,76.55
188,75,257.68
182,11,617.05
329,46,348.1
321,56,202.68
347,131,626.0699999999999
335,59,1247.69
364,14,202.11
77,7,142.4
341,140,1770.56
363,186,3212.84
308,45,1043.46
363,286,4652.82
155,5,67.95
371,350,3507.71
308,73,487.99
371,87,2612.96
224,25,574.7
369,182,4051.48
243,20,1475.81
340,103,1474.32
254,8,156.75
266,73,2157.73
363,107,2606.53
302,54,2059.4500000000003
281,194,1105.07
63,14,1063.0
331,43,770.03
11,23,122.7
282,97,1496.98
372,590,5900.28
351,14,490.22
370,124,1937.25
363,206,1058.06
274,29,387.52
316,27,813.11
373,222,4263.64
155,3,265.2
356,1,322.08
350,224,4481.67
323,17,363.34000000000003
366,144,1244.83
71,17,470.36
364,382,2255.51
352,12,1372.8
275,9,89.06
8,5,63.0
67,9,131.9
54,32,2661.24
365,55,2357.6800000000003
373,51,1712.89
169,63,1589.82
320,93,1420.2
373,293,1039.58
355,70,1163.23
364,20,375.35
355,258,907.1
193,40,483.25
313,109,662.59
363,62,264.44
183,22,119.93
368,970,3062.4
63,4,113.64
218,37,1837.92
263,16,434.34
225,180,2103.06
307,240,2004.02
275,6,529.62
127,130,1058.6200000000001
344,72,2272.4
356,90,598.76
362,43,461.19
270,281,1936.84
299,7,234.34000000000003
327,29,547.66
302,42,925.85
116,19,215.7
354,10,1309.6
120,18,316.25
362,13,279.05
209,30,636.51
355,144,2068.15
92,9,137.1
323,14,321.92
335,47,165.75
347,144,1196.33
306,46,1064.28
166,30,463.38
198,17,340.93
366,120,2383.2400000000002
348,7,139.56
323,6,123.8
62,19,538.8100000000001
64,29,475.37
331,193,1957.32
347,194,815.32
285,7,356.85
190,10,251.21
354,624,2470.67
370,164,3543.26
326,107,673.26
356,799,5905.64
356,316,2012.17
350,96,1383.18
351,57,276.42
362,68,1314.81
186,23,275.28
273,12,455.59000000000003
312,73,1055.35
356,101,2102.09
340,18,330.45
309,16,174.37
372,4,270.6
349,17,974.54
265,12,241.09
342,203,1867.68
354,291,4332.2
371,972,8508.82
336,18,364.21999999999997
313,229,620.04
348,216,2925.91
137,64,932.85
349,62,1949.72
371,519,4447.05
313,330,2864.19
114,19,171.8
316,10,355.56
309,19,388.25
358,32,537.48
364,76,996.26
315,111,1461.65
188,5,103.25
345,72,3630.33
349,114,2024.45
368,399,2578.09
370,366,4007.54
223,4,652.8
62,56,289.24
363,48,765.62
355,10,186.23
222,58,165.07
354,113,859.27
363,216,2381.04
316,21,324.14
288,16,788.38
366,74,2237.77
298,69,1080.76
370,423,5074.77
278,127,3099.12
263,4,1432.0
317,33,1530.3600000000001
372,12,227.39
93,29,218.06
370,270,2832.84
194,235,1653.42
1,1,35.400000000000006
361,123,859.71
370,24,168.63
357,17,138.6
333,6,114.11
368,330,1052.55
204,100,1042.26
323,29,157.05
97,19,237.36
355,383,1601.14
2,3,39.75
358,197,1447.14
338,164,570.46
352,152,617.99
366,53,379.83
354,102,1740.6
362,55,883.15
329,50,221.97
68,25,393.33000000000004
363,7,213.96
99,2,660.0
372,2700,12156.65
358,86,16569.5
369,20,1785.15
301,4,601.56
131,3,406.08000000000004
364,16,553.44
128,20,394.44
168,26,412.78000000000003
372,92,1788.3600000000001
189,21,320.58000000000004
341,134,889.25
316,13,225.85
177,53,899.63
350,122,2791.27
282,24,671.96
369,152,959.01
323,41,1006.98
111,8,114.56
107,20,344.90000000000003
337,28,609.85
323,16,443.6
321,172,2984.49
349,106,2125.08
352,7,110.46
315,2,96.12
203,31,693.8100000000001
306,26,830.76
217,30,597.09
372,2080,280206.02
172,30,243.22
369,199,1417.29
306,102,654.6
296,29,114.18
372,237,1947.55
365,49,1932.23
204,80,291.05
356,126,848.22
368,29,247.15
365,253,2529.93
287,30,285.74
347,4,107.95
345,168,771.17
354,99,637.89
313,90,1835.7
349,14,195.25
363,573,9241.2
132,170,1269.99
93,132,411.53
139,61,765.55
370,74,1736.4
357,102,604.75
342,42,2548.2400000000002
348,258,28754.11
302,7,498.95
186,2,52.0
348,421,1236.28
267,15,628.38
366,327,5630.87
165,13,112.8
329,50,371.7
343,71,2114.33
236,68,591.55
109,8,172.9
369,130,2078.95
155,22,188.60999999999999
372,210,1250.76
159,8,109.13000000000001
341,115,2235.3
363,335,2549.37
372,347,3292.14
359,22,318.17
362,415,1546.91
175,1,179.0
371,28,1126.37
358,196,4921.04
359,139,606.13
363,357,2868.8
344,25,917.07
364,339,2666.36
349,10,160.19
349,71,867.38
330,55,329.68
372,237,1602.13
368,37,663.81
226,29,187.92000000000002
363,278,1158.3
349,52,718.08
99,10,268.58
0,71,313.49
372,501,2005.06
326,45,380.02
365,147,2702.4900000000002
357,202,9585.91
370,194,6065.69
370,17,1164.55
331,54,1314.45
369,60,3902.28
176,89,1448.21
362,59,1400.34
357,26,1099.98
261,69,1220.26
124,18,328.2
344,89,1415.75
330,5,389.64
286,30,563.15
329,41,638.05
364,235,5010.28
358,38,738.96
298,19,420.5
229,71,1484.06
369,102,1625.97
76,5,89.2
315,11,255.9
110,21,300.52
327,6,278.3
344,39,254.11
365,135,2473.37
356,5,192.60000000000002
371,1090,10674.75
141,52,876.42
261,9,139.26
315,60,1011.9
322,117,2538.3
246,35,730.86
93,41,386.15
319,27,447.68
54,6,200.10000000000002
347,15,289.99
363,3,77.4
366,30,679.4399999999999
345,6,197.64
357,46,745.06
310,2,6.2
352,14,228.99
371,80,1319.91
207,6,131.45000000000002
372,1141,8022.49
321,12,173.74
322,13,157.7
326,385,4339.74
312,59,193.14
211,44,845.55
365,12,353.27
358,47,554.65
298,11,193.39000000000001
334,235,2741.17
333,255,2087.88
4,30,155.43
337,53,778.5
176,4,271.85
173,63,1110.34
300,48,657.8
309,13,272.07
352,29,507.29
7,2,48.800000000000004
193,70,321.43
363,29,1127.71
370,121,2226.91
177,17,2139.76
344,42,697.55
320,40,197.13
356,67,1720.3
363,6,102.44999999999999
284,108,1649.5
106,4,62.85
320,138,3295.76
330,145,2824.69
310,130,3189.81
225,13,309.4
352,388,7930.54
62,21,325.75
350,28,511.35
315,143,2836.69
349,9,475.8
295,127,2759.83
254,20,645.65
337,66,1311.3799999999999
314,60,1173.12
361,58,1353.74
354,11,170.32
321,6,125.79
348,48,841.1999999999999
344,11,266.76
366,4,52.2
363,99,14389.9
188,36,710.28
370,144,2953.59
365,71,725.7
112,13,327.25
370,98,522.38
163,28,519.68
266,47,1465.3200000000002
361,124,1485.54
296,47,706.19
354,17,255.4
347,11,589.7
355,53,761.59
242,15,765.3199999999999
121,18,364.8
294,6,1862.0
166,20,369.2
37,10,135.9
120,7,125.65
225,33,554.38
364,73,1237.8500000000001
288,23,655.75
366,498,11138.710000000001
169,43,468.77000000000004
366,55,1366.38
350,116,1303.52
362,96,1421.29
348,20,332.66
352,355,2810.63
371,69,1025.44
216,17,616.15
370,165,3501.1
299,9,277.8
371,30,434.35
372,5677,143825.06
357,27,867.85
338,87,1227.43
282,12,307.48
303,77,1268.98
258,45,1610.15
161,57,977.77
343,78,1316.07
323,44,749.1
128,10,310.05
341,11,223.88
265,128,2372.86
369,41,1257.68
8,17,363.53
292,87,1890.94
76,10,1784.71
340,364,8137.02
317,34,1621.88
344,170,5900.25
359,3,100.9
301,14,290.82
350,63,1101.97
354,19,371.2
294,20,311.69
314,138,8099.49
348,55,289.82
361,85,336.17
120,12,58.49
226,42,499.68
309,59,695.42
365,27,221.27
363,312,7044.68
103,5,126.7
364,198,1487.8
126,13,206.21
277,83,599.0
359,38,191.32
324,6,463.8
343,37,147.59
305,34,1592.06
338,160,1116.57
245,18,114.77
266,32,1314.45
336,21,114.39
316,11,279.94
316,72,790.86
301,216,1931.42
127,8,102.12
354,41,213.27
175,87,296.75
358,4,326.4
162,40,334.54
335,61,233.23000000000002
327,26,546.1999999999999
203,75,429.87
326,77,490.52
258,115,1641.76
226,158,1246.32
358,1119,6316.57
322,144,502.09
214,12,156.91
361,182,1261.78
338,20,308.94
320,128,423.04
330,35,260.17
201,20,170.04
340,20,125.58
335,31,496.21000000000004
107,70,266.0
365,472,1914.82
362,135,905.04
370,562,6802.76
364,155,1661.33
340,72,377.01
293,61,469.0
343,35,1066.1499999999999
365,48,627.13
302,7,518.28
369,111,668.14
117,52,4959.1
369,510,2586.67
358,394,4308.61
284,27,252.73000000000002
301,127,465.55
315,130,705.49
364,1502,19914.44
203,67,180.35
174,5,135.93
342,3,537.0
354,453,7700.2300000000005
222,12,735.66
364,206,5213.7699999999995
104,22,343.62
308,97,384.05
100,3,121.17000000000002
348,78,1782.09
350,143,1391.61
54,30,215.78
369,71,697.79
361,114,302.1
98,25,1489.5
348,276,2124.9900000000002
333,237,1337.72
365,121,303.09
370,403,54534.14
302,57,987.86
160,5,370.79999999999995
336,155,3158.13
320,42,893.59
295,82,1744.76
327,104,553.36
194,70,1109.53
1,1,106.2
280,26,982.07
364,54,1043.41
268,42,748.87
296,27,773.03
201,49,880.85
366,440,9743.11
161,47,895.61
351,33,504.8
117,5,88.2
92,15,306.94
352,57,1160.07
363,145,2420.84
65,23,381.32
306,30,480.71
158,26,457.81
355,108,4597.02
270,47,1370.6
331,11,219.39000000000001
369,25,248.08
191,3,39916.5
289,23,410.48
40,3,876.0
365,8,317.53
342,35,703.36
177,69,1027.44
355,101,2298.93
356,100,1422.52
62,17,319.5
232,60,1300.25
128,28,484.95
350,35,996.1
344,84,1567.48
364,100,3609.33
343,197,2760.56
355,21,340.11
356,45,1352.75
359,79,1551.78
239,1,244.8
128,14,266.4
240,21,358.82
323,28,457.72
259,82,1633.78
366,106,2199.31
351,15,184.19
348,127,11528.48
308,16,406.53
313,102,1471.0
323,84,3447.4
204,22,330.11
355,52,977.9300000000001
246,29,982.42
359,73,1387.99
134,9,139.05
371,68,1286.7
134,13,178.96
321,80,2354.25
327,26,498.74
148,14,259.45
365,217,6580.44
369,67,1194.73
209,91,1327.16
133,28,623.5
363,20,301.29
240,23,520.8000000000001
356,343,5314.47
364,271,4745.69
342,22,329.25
298,85,296.42
372,55,961.49
370,125,1936.07
328,7,401.40000000000003
372,710,18641.010000000002
16,4,158.16
355,29,304.47
305,103,843.05
0,27,487.75
53,41,163.0
348,5,106.56
42,5,1289.5
365,110,1624.05
51,11,135.75
302,23,224.14
113,3,40.5
355,93,2206.95
6,6,87.5
307,16,689.4799999999999
219,29,622.85
344,63,406.76
303,21,310.62
359,19,411.41
372,91,4777.18
372,212,16225.39
254,51,1044.32
313,19,499.32
370,310,7616.53
371,1,3861.0
363,32,1079.6100000000001
281,10,193.64
314,13,1268.7
286,69,1236.54
348,142,1827.8
16,9,316.58
288,37,653.24
363,9,420.29999999999995
372,42,870.12
148,20,331.18
313,52,894.4100000000001
132,5,101.8
55,24,328.35
372,110,1661.44
327,35,734.94
286,2,96.6
363,166,5756.89
197,9,305.75
322,117,1778.96
7,5,403.25
55,5,585.0
148,20,755.75
15,14,322.08
139,23,409.40000000000003
63,8,154.41
337,58,1219.4
307,125,3386.71
134,23,429.6
260,31,612.06
97,14,197.0
156,143,2247.51
75,15,321.05
372,99,1412.32
344,50,1071.99
363,49,780.59
329,78,1706.57
307,110,1756.44
299,22,316.68
308,34,631.57
239,89,2515.84
135,33,514.15
251,6,356.0
342,350,6688.46
364,111,10484.99
337,44,740.78
357,53,918.1999999999999
246,18,300.36
307,47,890.85
225,6,98.45
90,7,317.15
205,34,623.16
273,77,1810.77
238,19,254.82
50,10,178.95000000000002
267,12,156.51
309,23,393.74
222,82,1506.1200000000001
35,6,119.3
351,11,1717.36
350,2,408.8
358,41,2379.49
366,274,2507.07
316,63,721.94
369,47,716.57
336,41,615.14
307,52,135.31
327,12,255.89999999999998
19,19,290.51
201,16,113.12
315,139,2332.15
324,3,240.55
351,20,486.69
330,88,2306.52
344,58,939.78
369,204,7943.22
348,103,4668.3
172,25,180.94
323,194,3672.86
363,39,641.94
371,192,4799.9
306,7,4507.01
309,28,496.44
323,243,5070.35
83,31,574.02
313,23,694.4000000000001
309,58,1174.35
278,12,205.3
99,19,310.47
373,2379,60767.9
298,47,924.85
263,1,52.0
174,24,327.97
309,37,570.5
47,1,165.0
370,33,312.62
90,16,204.5
329,36,267.13
303,95,2748.31
288,42,679.68
270,49,162.29
40,29,311.71
321,10,208.75
334,57,1049.7
341,13,714.96
7,35,1661.06
165,16,1028.56
217,99,351.67
320,36,173.97
307,86,574.07
293,17,2020.52
244,24,406.09
286,21,364.5
373,26,563.94
328,20,393.54
41,17,252.42000000000002
7,5,201.60000000000002
301,9,158.04
215,72,473.81
0,5,115.65
361,225,1960.1100000000001
119,63,777.02
344,14,277.05
342,519,2766.5
369,551,8347.2
334,13,427.93
12,7,418.92
1,16,326.0
278,29,913.19
348,114,2314.32
298,44,602.51
316,95,1877.59
352,4,446.94000000000005
333,94,2386.05
236,27,2007.3999999999999
365,132,2415.91
245,3,168.0
333,117,1233.3600000000001
204,194,3703.29
365,36,1690.2600000000002
160,8,596.85
359,302,5955.71
204,41,642.41
333,12,316.88
187,31,394.14
103,10,140.54
201,1,500.0
369,84,1535.53
357,12,231.86
364,85,2183.54
48,7,107.45
261,14,288.18
84,6,94.0
357,73,1345.53
372,50,815.77
281,12,716.2
225,42,626.77
184,8,349.1
342,53,510.71000000000004
340,153,1056.44
109,34,267.18
289,122,3450.84
347,99,1358.88
202,10,190.53
364,39,774.9000000000001
60,48,572.8100000000001
309,192,3984.32
288,28,508.8
349,8,135.86
315,53,950.36
50,6,97.7
335,2,43.5
119,17,383.34
354,292,1447.39
340,306,1483.14
358,6,93.78
347,82,397.35
350,10,171.19
160,41,533.3
365,55,1041.48
351,29,149.29
361,329,1122.53
111,45,200.16
242,25,156.57999999999998
319,62,383.68
125,2,594.0
372,382,3236.91
364,219,1418.26
109,5,113.5
43,9,155.17
61,28,494.64
347,60,974.52
343,30,429.84
344,58,538.73
372,286,1388.37
11,25,179.1
90,60,447.22
111,58,237.07
348,7,161.64
19,58,216.76
279,11,234.6
344,7,126.14
35,157,1048.85
354,97,7354.62
288,57,334.53
364,52,524.88
322,24,467.51
323,24,538.55
371,77,469.48
260,76,371.56
359,11,1771.2
296,29,454.10999999999996
333,46,1441.42
257,45,905.5
358,98,11054.96
212,88,233.81
372,188,3594.31
343,86,2575.0
281,2,91.32000000000001
351,50,1134.28
278,154,3100.09
345,35,659.4599999999999
341,297,2001.8
352,125,1299.23
356,15,1262.2
371,512,13316.4
365,68,1131.56
358,213,10384.93
11,70,147.09
292,13,52.83
321,97,3610.96
351,164,979.26
202,46,492.36
184,92,1000.27
43,1,250.0
362,160,909.23
218,7,121.0
340,308,14758.220000000001
361,178,4139.46
329,15,62.43
140,27,267.03
309,214,1942.45
372,18,343.5
333,185,3000.2
341,57,398.84
289,10,412.01000000000005
349,1,440.0
371,178,825.92
340,4,148.44
355,163,2429.78
119,26,229.33
351,672,3995.23
352,108,1502.35
365,228,2007.44
348,256,1580.93
354,83,807.57
200,75,536.4
210,24,110.92
366,41,538.46
362,15,213.3
259,29,85.13000000000001
85,28,127.86
364,259,3546.71
319,81,292.71999999999997
366,702,4954.84
296,115,1693.26
369,61,575.63
337,29,436.06
156,17,90.12
313,56,437.23
96,14,217.2
361,899,4805.17
349,31,279.77
345,20,473.65000000000003
362,27,800.59
22,1,134.55
351,113,1400.44
323,8,173.16
355,7,186.01
371,53,758.29
270,31,1375.71
366,323,4165.52
362,57,650.4300000000001
369,215,2552.86
342,104,607.45
196,168,702.25
336,45,940.6700000000001
222,39,258.88
211,13,127.1
305,51,348.6
253,150,3679.9700000000003
349,44,682.9100000000001
350,123,725.11
197,31,455.3
323,9,913.6800000000001
118,29,478.53000000000003
327,24,388.58
303,5,199.8
358,103,1771.78
273,77,1406.59
338,22,324.57
320,14,240.68
347,52,761.74
362,410,6776.56
365,47,1297.8700000000001
295,2,48.480000000000004
321,17,216.39
337,67,1198.23
312,77,2920.16
37,13,104.76
345,60,1093.68
189,16,298.48
322,6,112.46000000000001
364,43,1591.45
337,6,195.15
363,423,10399.74
341,45,776.851
363,3,336.40000000000003
317,100,1553.18
369,16,1293.03
330,185,3709.56
232,19,301.03
257,34,588.13
270,64,1534.26
299,49,675.8
369,155,2870.2400000000002
328,60,1186.35
358,167,3285.31
356,15,243.55
284,25,724.76
321,15,223.36
239,25,425.32
369,484,12515.66
268,119,1887.2
182,33,664.0
207,238,813.0
355,52,612.01
216,35,447.64000000000004
169,25,657.35
37,2,816.0
337,32,646.3
282,21,337.74
281,6,877.4399999999999
364,21,922.53
130,34,560.67
328,47,748.5
351,1,30.0
183,48,1024.1000000000001
330,11,306.45
348,90,1600.86
56,5,309.8
267,9,138.14
323,17,386.43
205,116,2242.01
334,13,301.32
156,1,76.32000000000001
333,33,684.34
77,12,173.05
355,78,2657.13
285,155,2881.02
300,114,2446.6
292,21,323.69
355,202,3435.76
324,33,657.23
321,12,352.7
349,110,781.28
364,78,1333.68
348,53,1426.16
256,10,193.75
365,166,2993.1
254,9,254.1
369,19,239.76
121,2,136.8
345,12,191.04
373,78,6479.4
107,22,409.98
340,171,2736.46
356,18,309.65
201,86,696.68
371,237,1542.14
109,5,211.5
233,117,2293.62
172,6,143.1
310,55,1060.56
338,214,945.58
333,288,3364.2400000000002
90,6,133.25
364,53,1072.3600000000001
230,19,356.7
362,35,330.88
228,118,1118.81
139,7,150.3
341,937,5045.61
349,128,598.73
362,91,507.08
338,69,2222.56
9,41,203.1
172,11,218.25
358,32,415.25
357,302,5178.96
161,5,85.0
308,70,1120.88
161,14,294.12
91,10,162.3
259,26,1339.45
359,72,1205.1200000000001
355,173,4812.42
307,8,449.12
324,9,154.88
357,88,784.46
296,3,34.8
354,62,1094.59
239,28,196.88
361,93,974.04
333,21,149.31
138,10,44534.3
371,293,2465.48
334,411,2637.38
69,1,79.2
322,28,458.57
363,141,2364.25
312,192,532.96
308,45,714.42
349,9,205.25
155,7,253.04
308,37,583.75
342,61,1086.92
285,180,3279.97
309,11,315.06
258,27,621.8299999999999
366,130,56252.72
368,10,635.6800000000001
305,25,270.8
128,7,104.9
240,18,241.62
132,21,1047.11
190,29,475.28000000000003
348,20,345.46
364,43,2614.7400000000002
363,14,246.3
341,83,2328.9700000000003
327,267,4932.2
347,206,948.05
15,25,351.3
363,35,220.85
330,75,1612.69
359,12,965.61
224,42,610.01
372,133,2711.56
260,8,2207.4
298,98,884.14
266,119,699.08
327,64,1063.95
231,1,451.42
322,8,415.82000000000005
373,263,4206.39
350,301,5528.4800000000005
327,31,784.58
323,48,903.9
67,208,3734.9700000000003
337,35,515.77
295,89,1391.98
351,133,2218.62
266,41,1801.14
166,40,1303.9099999999999
357,72,1945.33
310,49,2100.6
324,123,1905.45
54,17,206.98
329,62,570.96
370,33,885.47
1,1,15.0
201,20,532.94
317,68,1654.31
300,115,1836.0900000000001
274,51,636.14
336,39,576.0
315,68,801.76
119,54,836.79
303,273,2233.75
329,50,954.09
323,10,137.37
309,24,391.98
362,167,33643.08
340,62,1048.49
315,27,355.56
301,47,1224.06
70,8,118.95000000000002
327,11,130.73999999999998
356,138,3711.77
335,22,389.27
354,97,238.85
187,22,160.71
322,30,110.8
369,140,2974.65
237,80,712.24
369,645,16387.57
355,14,297.0
358,191,1438.85
333,142,977.21
361,546,3165.36
365,147,832.88
348,18,68.84
351,20,1936.3200000000002
333,40,895.13
272,45,230.53
368,461,3812.64
96,15,149.64
341,76,354.09000000000003
359,128,360.93
310,120,4405.88
372,129,493.28
4,105,343.28000000000003
61,29,501.39000000000004
175,23,516.36
371,49,396.48
281,18,379.35
313,12,181.09
293,12,168.31
217,93,446.87
147,62,524.52
120,41,263.55
224,11,179.17
179,24,222.05
372,86,1388.88
5,4,56.25
350,51,351.11
357,116,363.88
364,74,5126.76
365,30,164.68
354,150,1567.69
370,249,967.45
200,7,191.94
373,267,1232.18
195,19,264.62
357,155,1528.09
126,12,123.1
183,40,334.23
354,143,639.89
219,60,167.5
201,25,336.03000000000003
0,11,369.5
1,21,127.08
179,12,207.15
306,21,426.63
369,115,2495.87
352,74,1107.46
134,12,416.86
309,7,145.35
261,18,404.58
284,76,6115.01
62,1,35.8
240,14,337.44
97,6,325.1
8,2,181.0
291,29,1708.24
365,60,955.24
357,19,364.72
342,98,1765.51
365,41,708.22
340,91,806.57
358,98,1659.3799999999999
349,183,4416.26
342,42,428.89
299,7,104.35
354,28,470.76
356,122,845.64
350,84,418.83
371,20,666.1
70,11,314.1
356,35,4199.85
7,4,307.82000000000005
334,176,3442.15
289,24,371.01
208,98,430.94
356,65,1054.73
296,49,1098.78
285,43,2398.86
349,97,3408.48
351,113,1475.02
371,270,2837.67
250,37,1142.42
343,14,168.12
361,140,1451.28
354,27,158.03
329,52,792.11
370,3,41.989999999999995
365,552,2797.57
319,35,427.07
285,130,1060.68
337,506,3089.97
371,9,12393.7
344,103,2735.37
361,218,615.39
162,8,101.4
326,385,1701.94
350,33,478.78
351,90,992.71
128,86,407.5
365,212,3362.71
338,94,1415.29
370,139,37130.6
336,145,662.38
370,182,705.39
370,235,1508.76
326,32,211.88
334,28,408.90000000000003
327,160,3786.2400000000002
357,46,851.01
113,76,628.28
327,101,719.81
361,64,251.24
344,28,439.65999999999997
330,32,236.09
282,16,934.62
335,242,81024.84
64,29,331.24
281,100,548.94
368,1137,8816.4
177,22,437.7
286,55,758.92
104,39,855.02
366,26,471.78000000000003
308,65,1313.55
343,6,3166.4
351,71,1197.27
336,39,773.99
254,83,1340.7
0,8,256.44
333,312,1111.79
200,10,137.9
319,34,362.06
341,84,1511.95
228,70,783.9
153,8,134.8
328,68,664.85
357,121,2263.12
308,180,1459.8600000000001
364,64,1153.62
113,23,335.32
8,74,372.09
357,102,1521.87
351,33,852.15
329,21,326.24
85,23,584.3199999999999
76,1,122.39999999999999
370,129,2234.73
90,1,79.2
357,21,1352.0
292,10,217.16
317,227,2806.9
273,31,1317.62
74,38,436.18
350,167,981.51
314,39,1121.39
219,18,315.06
259,51,817.86
267,1,17.0
362,63,1078.23
109,12,320.62
133,10,185.04999999999998
286,67,2005.63
323,39,731.9
303,76,1290.7
331,57,1842.14
366,48,1429.64
312,29,302.36
125,13,336.96
308,6,108.38
356,31,3204.1600000000003
289,48,842.5
155,18,611.88
328,354,1337.48
230,16,195.73999999999998
190,30,161.38
203,8,135.75000000000003
364,284,1667.97
162,34,612.78
184,30,232.21
365,16,423.36
314,30,1309.14
316,212,867.11
300,38,684.4200000000001
322,16,307.78
56,11,249.0
6,13,289.35
344,117,6287.77
334,40,656.25
356,89,1880.22
322,78,3506.54
370,339,14589.04
352,35,618.09
111,21,517.55
314,37,709.38
355,31,635.41
308,35,725.18
285,30,620.4
124,37,535.34
370,117,2424.94
127,1,175.2
365,224,3799.4900000000002
216,29,734.13
240,22,375.0
77,1,76.32000000000001
369,18,280.52
331,117,2053.02
105,29,1829.04
324,89,1824.23
365,130,3122.04
358,18,656.69
92,14,348.2
308,20,1025.44
372,474,5575.56
121,2,37.4
141,6,856.6
356,34,822.48
363,98,3787.6
365,85,1822.97
323,125,1885.05
314,3,73.2
278,69,1140.21
358,84,1418.32
247,23,1009.5500000000001
279,58,1037.59
323,15,331.95
235,8,197.9
313,11,215.83
273,162,10254.18
300,11,305.54
301,28,6617.65
306,15,338.71000000000004
309,45,1158.79
357,31,529.41
351,218,4006.94
342,295,6911.4400000000005
329,67,981.86
358,11,215.48
333,6,215.08
371,134,5180.52
137,19,314.45
298,15,400.68100000000004
369,179,1080.6200000000001
370,111,1863.47
13,18,365.27
315,35,592.9
350,57,405.71
343,98,761.38
319,63,537.0600000000001
348,19,394.38
329,66,664.26
285,46,2262.62
372,123,21086.3
285,23,547.02
354,41,690.34
295,6,159.0
203,44,1062.75
293,14,242.35
106,37,914.9300000000001
138,15,304.25
344,84,3084.68
337,97,864.86
55,137,846.72
316,96,1295.3
329,134,1096.32
170,8,255.12
148,6,314.22
286,47,1010.6
184,35,542.03
330,37,990.88
302,22,536.6800000000001
333,46,867.31
295,20,432.2
317,19,414.2
349,135,3718.8
364,662,2607.87
365,294,3603.21
340,51,409.1
162,91,1522.75
350,90,1413.66
203,16,114.56
312,7,152.94
321,69,1800.07
112,24,389.44
307,123,3683.86
357,270,2619.91
107,13,752.4300000000001
197,2,46.95
328,135,5203.51
323,18,1035.45
356,124,746.83
364,258,5447.0
300,61,861.89
302,45,667.65
20,54,1141.24
371,133,1429.24
257,25,411.7
0,67,357.95
177,33,559.87
197,6,810.6000000000001
273,23,566.38
352,107,1509.58
301,17,2062.06
34,11,168.3
368,166,1570.81
342,109,823.97
204,8,142.5
252,17,302.25
352,118,2248.9900000000002
364,79,1328.55
105,20,301.9
351,27,598.2
247,11,233.22
348,162,5360.63
235,22,361.21999999999997
160,41,632.27
336,4,2560.0
267,42,706.57
356,37,616.26
370,16,274.15000000000003
43,14,226.37
309,151,2938.91
254,69,1341.65
338,19,328.15
156,3,404.40000000000003
201,56,1038.46
301,12,373.65000000000003
372,37,326.75
177,1,207.50000000000003
245,118,428.68
327,18,594.24
368,319,3110.96
359,319,3844.22
356,39,251.91
345,153,1593.2
366,45,26626.8
337,10,151.05
216,11,214.79999999999998
89,20,109.95
266,153,549.07
349,77,1971.87
298,15,322.41
357,47,370.47999999999996
215,2,101.10000000000001
329,38,575.41
362,92,887.65
341,235,1469.45
83,9,53.5
352,57,1116.47
41,8,153.9
356,28,494.44
370,94,6675.71
310,39,395.8
176,31,211.77
340,34,658.88
372,109,2027.5
366,66,1750.92
369,662,3512.53
364,106,896.66
341,81,734.77
320,5,109.36000000000001
362,53,707.04
356,51,1540.42
355,18,327.3
336,130,804.49
371,76,497.43
355,118,1553.66
291,228,1320.56
340,97,367.93
307,111,473.03000000000003
365,125,987.01
106,5,676.2
126,23,362.95
369,108,2157.4
312,32,1780.59
299,102,668.36
284,33,584.5
313,59,555.89
345,88,317.2
51,4,94.36
320,34,1382.07
104,45,221.19
371,330,3046.21
317,83,1555.34
313,210,1486.9
219,82,1705.8
354,73,408.57
279,29,303.93
372,186,4098.32
109,60,299.6
61,10,177.5
303,23,443.05
71,5,167.25
355,63,163.07
361,172,2126.93
337,232,2028.88
354,45,214.65
320,35,151.83
317,31,262.2
352,7,126.25
329,54,210.35
347,71,1051.4
329,102,675.27
261,51,972.23
356,369,34684.4
349,18,346.12
182,5,133.56
71,21,302.7
371,372,1908.25
110,9,241.06
267,2,284.55
316,6,300.85
160,83,642.81
309,8,287.4
345,17,184.26
344,109,1522.25
368,132,798.35
366,282,3640.67
306,24,381.2
372,174,616.79
327,84,654.67
340,63,230.51
373,3,168472.5
238,36,259.01
175,20,188.89000000000001
176,40,707.69
224,11,311.92
286,14,266.97
329,2,6.9
310,99,1841.18
274,111,2158.37
155,9,208.36
371,202,3482.7400000000002
345,135,814.72
196,33,151.42
300,3,136.0
352,82,1422.4
354,236,1314.68
340,148,1603.46
299,2,74.9
350,182,650.43
322,170,762.39
99,13,223.95000000000002
209,18,316.11
366,360,1871.5
285,28,544.3
310,146,2494.46
348,17,331.0
363,35,300.83
298,53,769.29
358,18,220.62
181,19,139.35
200,25,404.3
296,42,363.65
340,29,498.8
327,39,731.5
294,56,1351.63
77,50,826.53
370,97,684.41
365,95,1599.52
324,136,2965.69
212,15,100.97
13,19,365.45
369,11,400.86
267,84,1431.93
348,86,484.38
342,4,777.6
354,3,90.30000000000001
77,13,363.7
1,13,248.1
352,169,950.26
369,35,874.59
321,113,1627.13
343,6,101.69999999999999
96,17,162.7
312,40,484.32
348,13,215.07999999999998
187,156,1046.57
372,290,9418.470000000001
371,183,13027.45
202,15,290.36
292,14,228.06
370,17,244.41
183,30,455.25
351,77,1244.59
356,4,6748.8
354,177,1095.56
368,31,593.75
263,55,548.97
371,45,1388.81
320,5,119.62
209,3,339.3
83,25,787.15
363,981,4154.64
265,251,2298.97
278,32,922.12
131,17,379.73
210,84,5719.82
331,52,837.1
338,17,285.89
307,207,3313.79
349,11,281.85
373,460,8338.49
347,57,841.41
368,31,511.12
320,19,1077.74
9,3,173.7
358,18,614.66
179,35,865.6
370,5,124.2
358,126,3738.4
347,87,1421.69
246,57,1009.6
289,42,663.61
302,28,451.44
191,9,105.84
260,6,313.62
0,14,233.45
293,28,936.08
125,8,463.95
141,13,225.15
302,33,459.24
305,10,213.5
369,216,4113.68
323,27,330.03
298,53,181.09
312,85,360.16
358,12,250.15
369,7,90.04
88,10,145.04999999999998
369,62,813.52
333,31,244.79999999999998
337,29,528.08
299,34,482.47
356,172,3347.71
358,276,5493.46
154,6,75.66
187,10,129.49
341,66,1187.66
303,30,618.59
191,26,506.19
358,33,500.42
138,5,151.85
342,96,2647.59
110,14,226.21
370,9,178.96
322,29,813.48
128,5,129.45
293,48,810.5699999999999
99,23,333.08
373,179,4413.1
294,20,322.8
344,117,2188.05
300,64,417.73
356,152,2883.1
151,9,217.9
341,69,1154.47
351,94,1680.72
342,50,1257.51
268,12,231.10000000000002
369,34,688.33
128,27,487.51
196,62,833.78
204,14,214.06
331,19,290.65999999999997
302,24,518.42
315,118,6773.97
357,69,1212.66
232,29,601.27
356,261,3794.52
351,73,8625.8
364,208,933.62
5,8,123.24
184,2,39.12
357,16,1267.6499999999999
11,9,135.39999999999998
354,32,118.98
305,53,570.13
358,20,306.71999999999997
350,160,1374.8700000000001
357,252,4095.9
345,6,1692.27
371,114,8134.9400000000005
319,98,319.61
340,89,1592.1200000000001
371,163,3109.99
7,3,129.75
330,10,183.7
301,44,1770.34
369,30,1028.0
369,277,66653.56
312,62,324.24
326,585,3062.83
372,62,1260.86
298,13,422.59999999999997
301,12,225.57999999999998
117,3,1276.0
305,60,482.01
238,10,657.9000000000001
132,21,112.75
147,5,1998.0
365,308,5076.55
365,144,5398.3
373,270,14034.99
336,123,531.35
328,27,656.63
289,79,3029.87
354,402,2483.04
370,22,1651.03
364,447,3645.43
355,624,6923.13
155,93,1161.53
295,19,301.71999999999997
107,2,901.2
350,199,3858.38
4,45,623.75
359,201,1790.42
347,27,155.24
111,37,292.47
356,225,4730.81
282,43,589.15
71,151,781.02
347,185,1382.02
9,46,272.82
327,269,1054.67
335,660,7239.92
321,82,743.11
342,28,603.75
321,53,650.51
295,125,2300.56
320,1,417.59999999999997
76,1,3.75
197,13,323.0
327,1,464.9
344,191,2238.09
362,242,1304.76
287,357,7194.3
369,449,6697.66
336,42,836.06
356,69,1515.9
329,95,623.93
343,25,1764.72
1,9,207.5
315,34,223.92000000000002
1,2,2002.4
259,170,1496.83
159,13,239.4
55,7,106.83000000000001
308,22,369.34000000000003
366,42,789.79
277,13,316.62
354,89,1501.38
175,23,611.85
370,706,2799.25
79,1,34.0
100,34,1145.6
343,222,5580.6
326,54,478.09000000000003
113,40,380.39
316,145,770.1
340,255,2246.81
316,26,171.59
306,48,661.52
363,158,1695.66
313,76,388.28
293,50,226.35
299,16,245.94
371,333,10629.720000000001
273,60,425.19
1,17,311.25
363,190,2279.9
354,3,107.6
250,155,597.48
365,5,80.8
370,93,1545.6200000000001
344,320,1721.78
91,12,110.38000000000001
316,16,243.84
372,285,1222.71
8,66,414.88
284,18,305.62
362,164,1201.49
210,76,1619.73
308,24,332.3
350,60,536.99
200,98,460.59
270,103,801.49
231,67,1121.59
274,23,288.42
350,149,914.69
181,15,309.54
369,28,547.07
13,15,479.35
365,449,1692.98
359,324,6509.1
270,28,417.06
371,86,1604.75
363,189,3349.57
278,26,497.61
146,38,358.38
358,26,460.64
335,28,775.1800000000001
322,22,341.7
280,8,128.5
217,11,197.22
335,23,325.91
189,12,199.15
372,47,1106.53
146,24,413.46
245,10,180.85
334,11,251.87
342,165,3170.98
176,25,588.85
365,266,16594.35
337,116,1869.82
273,63,1264.19
331,378,10196.57
323,11,214.32
330,12,193.44
321,14,281.42
187,8,124.57
40,19,332.41
369,20,342.45
363,9,144.91000000000003
350,19,328.4
359,2,35.400000000000006
5,10,375.69000000000005
229,52,747.81
314,6,173.76
342,26,502.8
233,11,207.73999999999998
351,128,825.42
351,137,2812.34
296,7,680.02
369,279,7123.62
306,112,2095.53
361,159,853.72
289,3,13.3
343,178,1519.08
307,1,432.0
307,39,705.12
186,38,276.73
336,26,429.84000000000003
358,101,471.51
338,37,194.88
179,135,1578.67
372,203,809.7
372,99,525.54
7,45,145.93
309,69,219.14
74,37,289.78
347,162,508.81
366,125,1281.56
357,79,887.11
257,44,1706.88
344,60,373.24
369,710,3754.27
368,208,3102.43
292,93,579.77
344,151,981.65
301,18,379.14
369,547,1510.06
345,101,2575.38
83,8,113.44
337,38,208.46
364,57,621.6800000000001
350,143,576.26
97,9,391.52
324,128,1068.82
217,327,2596.45
312,60,169.79
361,672,7247.61
352,83,846.75
2,14,230.25
258,6,543.05
293,209,2847.6
370,77,1295.39
347,54,380.55
368,898,4604.22
320,53,161.94
372,44,563.23
319,62,950.9300000000001
348,57,262.68
365,241,2736.38
321,305,3049.88
361,281,1920.59
162,33,816.73
352,249,4345.5
138,21,406.48
235,19,435.02
370,60,1286.27
317,42,1178.56
239,86,1277.75
264,16,167.61
343,1,20.8
373,54,2085.08
189,25,518.67
356,16,308.74
134,16,416.64
286,7,117.35000000000001
335,101,507.05
257,14,234.17
186,7,110.55000000000001
147,26,201.19
365,28,2154.97
184,21,319.02
369,31,439.43
334,42,650.41
335,41,357.21
106,2,251.51999999999998
296,39,344.33
370,89,1852.0
118,87,1078.96
313,22,384.06
361,148,1931.25
285,407,4481.35
356,120,5464.12
344,3,1873.2
370,129,1625.05
368,7,126.12
366,12,1133.25
155,1,179.0
363,93,1614.31
343,37,1456.96
85,12,702.0
224,4,295.0
350,23,484.82
373,169,3989.57
288,49,1493.73
327,44,1412.94
369,44,781.78
323,52,889.9300000000001
355,11,195.36
343,15,270.9
365,74,586.33
345,217,1842.56
371,252,8694.26
333,16,920.1
362,234,1272.61
342,7,71.0
328,3,95.85
313,9,357.77
188,4,154.82999999999998
295,153,890.29
263,2,716.0
310,11,146.87
362,22,380.35
287,28,1030.14
357,30,745.52
128,28,433.53000000000003
286,75,1267.32
343,22,112.4
236,15,449.73
347,70,1081.57
371,98,1044.3799999999999
341,102,1735.18
348,6,948.48
260,22,339.44
216,22,642.02
288,65,1100.9
256,43,925.35
371,318,5659.9800000000005
277,316,3228.84
179,43,247.14000000000001
345,92,413.75
243,13,498.48
345,83,1356.33
292,62,1179.89
344,516,3095.04
107,5,234.24
300,99,5232.2300000000005
60,70,538.37
352,78,1461.14
315,62,859.35
361,296,4552.14
345,143,2709.7000000000003
259,64,312.14
345,140,2429.03
356,174,1446.09
356,77,834.12
337,25,841.0799999999999
337,28,378.2
295,2,118.80000000000001
351,8,287.62
348,64,290.16
340,81,2003.85
264,52,1405.78
338,162,2949.75
250,187,1566.65
366,96,2050.08
345,115,1991.01
369,63,2043.95
371,195,3827.76
323,125,1777.78
51,14,302.0
351,74,1324.16
358,48,1022.13
371,211,954.42
355,65,971.74
363,42,1621.73
112,1,25.5
214,90,665.78
340,418,10815.43
344,117,885.04
208,12,163.29999999999998
326,30,248.61
368,127,808.62
365,39,837.5
85,9,116.19999999999999
56,10,157.02
370,35,606.91
140,18,307.46
254,7,138.32
212,9,345.29999999999995
188,32,298.89
323,40,259.35
221,260,1004.75
39,14,157.09
368,134,2463.17
358,27,4892.240000000001
267,24,425.0
357,52,1139.73
98,24,380.5
358,478,10668.47
126,20,465.32
134,15,579.0
372,48,984.57
268,35,749.78
351,81,1714.59
322,9,124.88
179,14,1689.5
349,14,213.78
298,23,329.34
356,20,251.70000000000002
366,13,319.0
341,67,1266.97
352,101,1538.88
342,229,3518.03
345,104,1715.46
352,5,293.1
341,144,2467.35
89,10,158.68
335,12,206.34
316,54,835.78
84,16,224.91
295,15,317.76
368,86,3766.6
156,4,59.9
329,63,1443.69
172,15,306.13
195,80,711.79
317,128,796.03
316,23,239.92000000000002
366,73,3347.31
327,2,144.0
147,10,203.95
362,84,2474.23
267,61,384.40000000000003
315,19,444.74
345,237,2095.13
338,32,1699.3000000000002
100,29,262.62
344,29,1013.01
350,96,692.22
320,40,342.63
338,152,3563.85
198,57,1564.56
320,13,384.08
320,7,204.24
347,211,2317.2200000000003
120,4,226.85
333,157,2781.23
313,103,1069.1200000000001
139,9,113.5
369,274,1960.72
342,25,114.23
349,472,3198.25
366,63,335.13
308,28,354.15
63,49,426.79
65,21,393.49
355,47,939.32
358,208,1906.09
277,47,318.76
109,69,3638.41
361,541,3174.32
371,36,421.52
338,25,190.88
191,14,149.89000000000001
348,29,550.06
361,105,916.13
362,19,314.69
371,566,3744.65
61,15,382.5
265,40,1135.04
372,400,8676.85
320,31,954.9
169,9,171.45
358,55,282.19
253,69,318.65
370,57,384.52
11,39,283.28000000000003
257,87,353.86
355,18,178.26
369,112,272.44
333,78,298.41
266,16,240.0
225,124,603.37
321,12,1253.3600000000001
165,23,63.440000000000005
235,127,562.9
371,80,310.64
246,38,317.62
266,6,763.64
331,114,2148.63
338,27,111.97999999999999
146,69,1065.3500000000001
132,15,246.04
316,9,187.82999999999998
243,94,1703.41
313,292,1652.58
352,45,153.92
347,124,1064.11
364,142,1419.73
342,111,944.41
370,102,525.24
65,1,550.8000000000001
365,135,1875.1100000000001
345,69,556.95
356,51,131.78
272,30,498.42
362,57,669.11
352,66,197.63
359,79,1135.63
12,53,250.04
363,66,8631.31
278,12,82.75
295,55,1384.85
235,14,644.3
342,24,2328.84
349,131,2527.92
372,473,6292.26
327,9,2600.34
273,73,1200.6200000000001
365,107,700.86
358,200,921.07
356,50,990.23
93,6,96.8
359,33,523.11
351,6,363.9
250,1,175.2
288,28,494.25
71,11,307.02
222,543,2027.8700000000001
356,753,6643.93
279,9,243.36
344,407,12353.29
217,183,781.36
18,17,193.64
327,32,160.57
358,87,537.74
370,500,2676.56
287,1,228.96
359,215,1159.52
194,9,110.75
365,71,1286.07
337,27,587.15
244,8,1740.0
323,16,1393.06
62,19,178.22
349,45,388.14
70,59,365.85
362,15,127.86
356,132,585.79
324,29,488.2
134,35,312.23
373,411,4481.18
361,468,4801.56
135,34,168.4
350,111,1912.67
301,33,446.18
356,87,423.89
333,253,1342.68
333,57,646.92
155,28,495.77
174,69,400.1
303,24,203.2
350,418,4100.92
362,83,404.66
365,109,20275.61
308,2,65.4
369,51,199.29
354,15,336.4
359,47,261.11
366,28,2686.42
354,78,784.11
296,15,1259.56
373,213,31833.68
210,3,508.8
67,62,457.91
154,4,203.86999999999998
334,27,7330.8
351,92,696.41
259,38,653.38
247,213,2129.96
369,59,2633.85
337,33,281.62
369,198,31906.82
372,82,1031.41
40,113,2200.42
210,2,32.65
189,13,771.85
357,64,1214.72
361,41,778.94
371,66,1258.06
330,6,778.0
294,14,507.84
344,269,6893.42
331,30,463.46000000000004
362,206,4226.57
323,30,598.83
357,117,1979.37
327,26,698.41
354,43,759.17
365,271,5037.26
302,2,100.8
373,328,17256.85
245,39,524.9200000000001
341,14,265.76
60,43,403.3
355,48,365.76
285,54,303.15999999999997
371,134,2373.82
372,9,216.29999999999998
120,17,388.45000000000005
217,5,186.42000000000002
337,135,2248.56
154,1,534.24
226,135,2940.04
197,9,120.9
333,36,541.53
371,277,2520.86
365,337,194550.79
372,100,1721.4
356,19,486.71999999999997
181,61,517.53
170,8,131.7
8,17,249.86
247,19,1737.7
358,54,316.5
330,111,657.3
279,29,622.4300000000001
351,111,757.46
313,27,675.69
357,215,1896.41
215,9,289.96000000000004
363,41,763.28
363,5,137.0
357,88,1870.97
329,78,1125.07
182,181,710.29
294,14,194.37
296,29,511.82
370,82,1255.59
308,21,414.04
112,24,396.87
315,29,376.64
373,76,2092.32
372,109,3558.87
125,12,374.57
366,27,497.56
15,10,271.05
298,17,272.22
84,40,622.88
356,5,1138.0
153,18,288.6
364,28,689.1
371,38,558.96
167,127,2997.0299999999997
212,52,1145.84
298,14,302.2
112,88,605.58
93,22,387.31
316,366,6115.14
349,20,308.48
371,963,91062.38
345,105,2924.9900000000002
301,6,513.2
245,40,208.65
342,87,639.02
358,137,768.08
65,11,153.94
356,82,1844.02
320,30,546.81
344,45,723.2099999999999
372,73,1070.71
362,33,652.74
12,6,145.0
14,9,422.70000000000005
369,19,1195.8999999999999
320,47,939.37
372,253,3628.5
372,394,2385.0
183,14,296.7
320,9,223.36
93,13,164.4
196,3,76.5
344,75,897.62
348,9,98.42
349,25,578.9
104,25,170.75
330,145,645.96
140,5,103.3
350,6,148.86
176,42,267.16
14,43,306.84
313,49,930.41
244,2,1487.6
372,88,1952.45
354,106,483.26
168,6,157.9
359,34,541.46
279,27,854.95
354,46,167.62
359,63,1122.38
349,49,454.01
365,152,901.21
366,165,4331.48
41,29,344.14
323,299,1498.51
302,12,226.75000000000003
344,25,380.6
131,8,185.65
365,411,3622.68
155,5,143.45999999999998
369,50,448.90000000000003
121,45,215.72
373,440,11045.04
137,29,175.27
366,35,1242.3
264,214,1133.07
273,23,1240.2
313,253,2404.17
371,201,1479.22
300,166,2225.9700000000003
370,213,3927.34
288,50,993.18
361,83,388.79
350,270,2827.93
160,55,2044.3700000000001
356,13,161.67000000000002
134,9,116.00999999999999
371,560,5102.97
295,11,394.72
156,63,309.36
340,59,193.42
333,237,1112.22
366,576,3984.22
320,135,2048.45
351,312,4559.150000000001
316,100,390.07
243,14,329.6
200,3,571.1999999999999
368,78,971.58
61,77,218.52
314,4,81.44
352,26,1379.9
341,33,527.0500000000001
359,50,843.48
355,315,2047.0
292,5,75.75
368,123,1814.12
204,26,503.59999999999997
372,39,528.33
342,70,1324.84
337,297,2361.9700000000003
354,20,285.56
342,35,547.0600000000001
97,7,108.5
287,5,621.66
254,40,712.29
0,8,101.55
372,157,2895.64
154,51,1008.39
308,7,133.06
313,91,1797.5
235,52,868.49
352,8,166.08
362,232,3945.0
348,259,4867.72
337,44,1207.56
96,22,117.55
363,91,2638.94
300,82,1674.69
348,19,595.42
356,158,2999.46
232,45,196.0
348,86,1802.91
355,43,604.64
370,18,728.16
307,117,2055.51
372,15,347.75
331,68,3406.7200000000003
146,11,205.7
358,53,1572.71
323,110,3178.17
372,227,1629.12
299,27,551.04
372,705,20374.28
369,78,1387.68
372,304,16363.23
110,16,298.11
321,30,1992.1100000000001
350,11,184.4
363,118,2474.33
330,15,239.41
357,130,3191.53
366,286,5739.46
343,256,4757.95
15,19,290.40000000000003
246,46,740.9399999999999
236,16,200.47
232,15,283.12
242,35,765.34
335,115,2285.71
137,19,338.95
113,8,154.95
357,142,2534.64
121,24,417.95
343,74,1824.37
338,55,798.74
205,31,885.19
370,103,1823.52
369,382,10504.49
188,5,152.4
186,35,267.08
204,7,137.45
363,23,385.1
329,29,522.91
53,10,153.0
173,1,326.4
351,245,5655.99
141,6,139.35
336,274,5396.04
347,50,1195.94
277,115,2424.04
246,10,3276.4000000000005
302,40,1033.0
357,192,3439.08
358,66,1060.25
370,165,2876.01
370,218,5298.4800000000005
294,67,1240.11
1,18,303.97
335,35,692.19
320,43,700.63
371,690,13110.02
364,25,377.44
364,10,168.24
354,97,1879.05
362,47,2791.35
260,15,355.11
370,136,2322.4
133,6,110.25
261,1,71.4
195,35,674.52
368,193,1797.57
14,1,80.64
373,92,1772.26
372,741,5605.29
354,412,3456.7000000000003
356,95,834.99
352,25,287.59
341,19,712.78
110,1,15.0
323,75,818.8199999999999
215,57,371.88
358,21,271.2
365,105,2273.1800000000003
361,310,3997.98
175,38,1143.27
317,54,245.81
363,53,182.77
277,156,1225.41
119,3,56.4
349,194,665.86
352,82,658.57
214,12,188.02
301,67,283.47
320,13,131.94
288,72,278.74
221,134,1865.19
300,5,1117.9
92,14,225.9
347,190,1965.55
344,10,106.1
348,58,323.04
194,46,350.39
333,82,697.9
351,111,780.43
351,408,3055.93
336,104,1199.01
291,140,1285.04
300,10,512.31
362,43,546.04
357,61,5411.91
369,851,7837.7300000000005
361,141,732.16
359,371,1770.8799999999999
337,17,36.56
369,33,387.68
302,48,3704.87
322,13,298.4
368,220,1995.46
351,67,1820.09
75,30,889.24
372,23,398.7
340,2,35.400000000000006
324,61,155.37
371,61,350.64
326,24,110.21000000000001
331,169,1593.38
347,121,2779.3
331,56,338.8
372,7847,40991.57
70,37,205.48
267,5,51.559999999999995
288,1,2033.1
292,51,901.1999999999999
155,26,605.8000000000001
1,297,5391.21
362,24,114.34
188,15,311.26
1,17,208.97
372,15,1418.03
369,54,26879.04
368,199,5155.66
69,25,148.21
5,58,252.8
370,222,2100.8
50,11,330.9
314,148,3160.0
361,102,597.5
343,370,10526.32
231,9,329.65
343,79,1197.1000000000001
266,40,428.18
371,279,1894.35
169,10,155.9
293,44,1859.16
188,46,683.46
203,12,237.61
330,26,379.45
200,6,178.51999999999998
9,26,458.92
69,8,133.35000000000002
370,145,671.77
370,117,717.45
361,64,190.19
342,109,899.61
244,10,111.35
352,67,726.05
161,21,203.87
51,94,602.09
211,34,203.85999999999999
317,28,244.1
148,16,112.25
302,193,1119.81
329,16,98.0
350,2,256.32
201,114,566.6
288,28,152.06
214,32,155.8
183,6,112.19999999999999
344,19,110.38
352,38,191.67
302,34,800.24
126,12,72.9
0,58,243.28
364,39,366.23
63,38,311.01
315,59,411.6
370,80,336.43
328,94,341.28
285,23,1304.04
369,696,4204.1
309,145,826.52
91,1,207.50000000000003
362,31,2962.5
1,1,244.08
240,21,397.29
328,23,212.54
362,5,843.0
338,39,1740.48
239,65,408.36
344,90,1331.57
322,21,704.25
235,29,145.79
368,77,389.84
365,43,4301.22
214,12,99.14
324,19,4106.4400000000005
243,2,304.56
366,2,77.50000000000001
140,20,149.57999999999998
336,9,176.68
226,1,358.56000000000006
372,70,58510.48
301,71,482.2
334,20,1008.5400000000001
368,485,2332.72
175,19,557.3
124,1,12.75
307,31,111.68
257,7,508.4599999999999
202,26,73.78
352,249,1296.44
231,35,102.83
342,104,471.7
336,329,2622.57
336,68,1098.43
2,48,123.07
0,85,277.35
207,14,228.2
162,31,582.59
132,31,136.04
322,15,337.04
349,179,740.79
358,296,4488.81
1,65,353.19
344,21,288.14
8,12,300.91999999999996
338,146,757.71
208,30,811.45
228,48,152.68
351,23,634.95
317,1,20.8
188,13,198.57
362,38,201.12
137,29,630.84
148,5,93.35
252,81,678.49
92,2,76.1
299,166,1970.6699999999998
336,93,382.06
361,58,417.23
11,40,169.47
370,60,249.72
350,22,444.68
303,30,2116.19
138,32,257.34
117,14,174.8
0,28,102.78999999999999
218,31,187.29
345,32,166.42
369,46,120.03
341,123,1483.56
292,3,523.0
265,29,122.14
322,5,38.45
338,191,668.11
221,21,389.78
275,21,115.31
369,9,230.64999999999998
39,5,73.5
308,34,97.97
352,112,422.88
338,53,730.4
341,96,405.62
219,19,70.02
354,19,357.20000000000005
362,472,4183.39
320,7,165.04999999999998
349,121,559.51
369,127,2088.6
328,47,189.4
170,7,172.29000000000002
14,5,74.4
303,20,300.02
366,360,6784.1900000000005
85,19,363.65
364,3,170.16
350,19,306.46
352,46,2119.41
200,27,720.52
240,7,814.0
368,137,2392.83
298,10,318.0
333,37,396.33
84,1,101.69999999999999
347,470,2036.67
116,25,453.0
188,18,247.44
259,73,3877.5200000000004
0,13,489.6
350,142,2611.75
365,227,2633.0099999999998
156,29,336.13
328,127,3651.97
355,2,1231.5
337,17,343.45
348,73,703.37
357,1,90.47999999999999
43,29,689.95
99,7,101.34
275,2,4055.7199999999993
312,39,167.67000000000002
371,89,9068.26
280,36,2106.52
292,70,3017.3
61,21,580.0500000000001
362,213,911.15
366,108,2697.8
246,19,168.31
362,41,223.65
373,431,259657.3
336,38,754.64
336,18,113.48000000000002
44,39,430.7
119,17,271.0
372,444,8052.97
354,46,236.3
361,26,352.69
5,1,76.32000000000001
83,28,220.1
306,378,1418.03
348,74,320.72
363,1279,5653.82
6,30,181.12
159,17,111.15
224,32,673.1
365,364,1826.21
349,36,589.4399999999999
344,196,1142.99
313,56,206.82999999999998
354,47,348.73
130,14,112.55000000000001
358,70,1059.39
161,1,931.4999999999999
344,20,681.9100000000001
310,38,784.33
78,8,152.65
356,159,8438.34
216,15,1019.52
257,61,1000.16
366,43,2888.75
361,221,2861.55
233,10,160.35000000000002
328,7,179.33999999999997
323,16,612.0799999999999
341,37,566.58
239,38,653.35
370,21,399.19
298,25,371.62
361,140,734.94
364,34,453.4
72,23,530.15
316,39,638.0600000000001
358,80,1618.69
336,24,399.65000000000003
196,10,302.46000000000004
350,37,1384.8600000000001
197,131,1169.94
313,9,202.65
340,38,980.31
315,54,1231.31
359,189,7561.68
287,31,2106.84
366,1,104.0
15,30,476.35
342,74,1341.42
245,97,1590.81
364,90,1793.17
369,119,1843.75
349,44,382.8
146,37,632.07
358,1,49.8
124,17,304.25
358,71,2001.04
296,68,1090.24
181,15,284.46000000000004
112,7,207.79999999999998
302,45,957.97
208,16,243.76
291,7,973.8399999999999
278,141,689.13
369,159,5425.56
267,32,163.8
174,68,1396.99
216,19,160.42000000000002
302,200,1993.7
337,32,517.36
345,8,139.10000000000002
372,134,2621.38
348,42,600.07
47,43,248.42
137,15,232.48000000000002
284,13,299.34000000000003
342,26,481.75
344,31,621.75
162,21,662.08
371,114,2069.77
147,2,305.28000000000003
351,64,1041.61
281,19,443.0
369,272,6484.54
110,10,158.95000000000002
370,271,5509.12
329,242,5228.05
156,5,93.75
317,30,779.9
362,164,7276.900000000001
364,86,2810.2000000000003
181,124,2083.27
292,37,592.97
48,1,440.0
302,104,1796.48
344,49,882.24
371,61,987.1
155,88,1561.6100000000001
327,6,422.58
364,104,2073.09
301,78,2232.4900000000002
366,175,2567.06
350,4,596.1
251,47,804.02
356,8,95.34
63,21,349.27
286,16,4314.72
323,98,526.67
284,6,103.3
334,118,2337.63
349,42,2338.6000000000004
201,134,2643.2000000000003
330,21,324.24
233,13,149.48
348,61,1213.1599999999999
301,46,801.51
239,1,25.5
7,7,168.6
335,11,283.15
371,166,3078.58
371,3,204.0
343,11,175.92
330,14,335.86
315,8,110.38
300,9,173.9
96,10,180.60000000000002
193,7,80.82
366,12,178.05
370,756,2094.88
331,70,1837.28
